																												
		letterEngine45	A	B	C	D	E	F	G	H	I	J	K	L	M	N	O	P	Q	R	S	T	U	V	W	X	Y	Z
	1.	Art	Abstract	Blue	Comic	Dictionary	Experience	Fiction	General	Home	Intelligence	Justice	Kernel	Literature	Money	Notice	Option	Poem	Question	Reason	String	Text	Union	Video	Wall	X	Young	Zip
	2.	Business	Act	Branch	Consignment	Decision	Expense	Frame	Group	House	Input	Joy	Kiosk	Line	Module	New	Output	Person	Quarter	Residence	Standard	Template	Urban	Van	Wise	XI	Yom	Zero
	3.	Commerce	Asset	Battery	Charge	Debit	Economy	Finance	Gesture	Hot	Inventory	Jewel	Kind	Language	Media	Neat	Operation	Promote	Quartz	Region	State	Trust	Uber	Voucher	White	XII	Yolk	Zoom
	4.	Dance	Application	Blank	Chain	Daemon	Even	Fill	Gather	High	Issue	Just	Knack	Level	Meet	Native	Odd	Prime	Quit	Routine	Soul	Try	Upma	Vase	Wizard	XIII	Youngster	Zeal
	5.	Environment	Any	Boundary	Control	Deal	Explicit	Foreign	Green	Hertz	Infrastructure	Jumble	Knock	Landscape	Many	Next	Observe	Preference	Quilt	Rainbow	System	Task	User	Variable	Wax	XIV	Years	Zest
	6.	Forest	Aside	Bottom	Corner	Down	East	Far	Grade	Hill	Idea	Jungle	Kite	Light	Map	North	Order	Pass	Query	Rest	South	Top	Up	Via	West	XV	Yard	Zulu
	7.	Geography	Axis	Base	Chair	Distinct	Earth	Family	Genus	Half	Independent	Jitter	Knit	Layer	Metal	Narrow	Online	Party	Quarrel	Reference	Structure	Tier	Undo	Vivid	Weight	XVI	Yum	Zinc
	8.	History	Analysis	Break	Council	Diagram	Edit	Figure	Gold	Hip	Icon	Join	Knot	Letter	Mount	Name	Offset	Politics	Quad	Read	Source	Track	Unlimited	Value	Write	XVII	Yen	Zs
	9.	Industry	Authorise	Buzz	Chief	Dress	Event	Fortune	Goal	Horn	Incident	Jingle	Knuckle	Laser	Market	Nail	Offer	Place	Quantity	Rail	Share	Ticket	Uttapam	Vehicle	Water	XVIII	Yurt	Zug
	10.	Journal	Accept	Bundle	Credit	Diary	Eligible	Formula	Gain	Hand	Incredible	Juggle	King	Low	Magazine	Number	Original	Part	Queen	Ring	Size	Total	Under	Volume	Wake	XIX	Youth	Zac
	11.	Knowledge	Arbitrary	Billion	Colon	Dash	Entry	Factor	Gap	Hyphen	Image	Jump	Kidney	List	Million	Novel	Often	Picture	Quack	Roll	Space	Trillion	Use	Vote	Wealth	XX	You	Zippy
	12.	Learn	Almond	Biscuit	Cereal	Digest	Express	Fragrance	Glucose	Honey	Invert	Jam	Kitchen	Live	Magenta	Necessary	Oil	Pill	Quill	Rice	Spirit	Tip	Utensil	Vegetable	Wheat	XXI	Yeast	Ziti
	13.	Music	Algorithm	Beep	Critic	Deliver	Exercise	Frequency	Grammar	Hike	Inverse	Jot	Knee	Luxury	Movie	Neighbour	Over	Prize	Quip	Royal	Synchronise	Trip	Ultra	Voice	Wear	XXII	Yet	Zen
	14.	Nature	Alliance	Breadth	Coordinate	Day	Expect	Folder	Game	Height	Integrate	Jell	Kick	Long	Machine	Navy	Obsolete	Page	Quite	Ritual	Site	Tile	Unite	Vaccine	Will	XXIII	Yay	Zoe
	15.	Open	Army	Bracket	Centre	Difference	Equation	Force	Gift	Hire	Intranet	Joke	Knife	Loyal	Marine	Nation	Onset	Pilot	Quality	Render	Stamp	Trade	Unity	Venture	Wheel	XXIV	Yo	Zinn
	16.	Physic	Assign	Bread	Concern	Display	Expert	Fund	Greet	Head	Internet	Jeep	Kerchief	Like	Matter	Nucleus	Opposite	Pen	Quirk	Rope	Soap	Tour	Underscore	Vinyl	Wing	XXV	Your	Zuz
	17.	Quantum	Authenticate	Byte	Crack	Digit	Electric	Fuse	Grace	Heat	Indigo	Jab	Kin	Lock	Make	Negative	Orbit	Past	Quiz	Rotate	Style	Test	Unicorn	Vocabulary	Warm	XXVI	Yearn	Zion
	18.	Rock	Alarm	Buffer	Convert	Double	Examination	Future	Guard	Hook	Inject	Journey	Kilo	Lens	Mean	Needle	Oven	Post	Resolution	Race	Sheet	Table	Utility	Violet	Win	XXVII	Yummy	Zing
	19.	Science	Astronomy	Botany	Chemistry	Domain	Experiment	Forensic	Gun	Halt	Install	Jargon	Kid	Link	Mathematics	Noble	Out	Policy	Queue	Random	Stack	Technology	Unique	Verbose	Watch	XXVIII	Yuga	Zoology
	20.	Tally	Account	Book	Calendar	Date	Estimate	File	Guest	Hack	Interest	Jar	Kit	Ledger	Month	Numerical	Object	Price	Quick	Real	Stock	Time	Unit	Version	Word	XXIX	Year	Zillion
	21.	Universe	Access	Black	Catch	Dendrite	Extract	Fragment	Grill	Honest	Ideal	Junction	Keyword	Large	Margin	Neuron	Other	Platform	Quash	Relative	Station	Theme	Urchin	Void	Wiki	XXX	Yarn	Zilch
	22.	Vitamin	A	B	C	D	E	F	G	H	I	J	K	L	M	N	O	P	Q	R	S	T	U	V	W	XXXI	Y	Z
	23.	Weather	Author	Border	Country	Domestic	Election	Fire	Globe	Hash	Instrument	Jet	Know	Label	Match	Near	Off	Present	Quota	Respect	Score	Tomorrow	Unseen	Vacuum	World	XXXII	Yesterday	Ziv
	24.	Xylophone	Amount	Brown	Conscious	Direct	Enter	First	Gate	Hit	Isotope	Jug	Keep	Last	Middle	Night	On	Previous	Quest	Role	Set	Toggle	Uniform	Vibrant	What	XXXIII	Yoga	Zone
	25.	Yellow	Attribute	Batch	Column	Diet	Ecstatic	Film	Grow	Hope	Intersect	Jack	Kill	Lead	Menu	News	Origin	Point	Quotient	Row	Sort	Terminology	Umbrella	Vector	Wide	XXXIV	Yield	Zap
	26.	Zoo	Align	Bridge	Count	Design	Especial	Fine	Gear	Host	Imperial	Jumbo	Key	Loop	Message	No	Offline	Public	Quotation	Root	Security	Type	Ultimate	Village	Well	XXXV	Yes	Zigzag